{"data":{"allWpFoodMenu":{"edges":[{"node":{"title":"LAMB ROGAN JOSH","id":"cG9zdDoxNDUwMQ==","menuACF":{"price":19.9,"description":"Boneless lamb pieces cooked delicately in a traditional Mughlai style."},"menuCategories":{"nodes":[{"slug":"lamb-and-beef-dishes","name":"LAMB AND BEEF DISHES"},{"slug":"main-course","name":"Main Course"}]}}},{"node":{"title":"LAMB VINDALOO","id":"cG9zdDoxNDg1Nw==","menuACF":{"price":19.9,"description":"Hot and spicy lamb curry cooked in onion based sauce with traditional vindaloo paste. "},"menuCategories":{"nodes":[{"slug":"lamb-and-beef-dishes","name":"LAMB AND BEEF DISHES"},{"slug":"main-course","name":"Main Course"}]}}},{"node":{"title":"LAMB KADAI","id":"cG9zdDoxNDUwMw==","menuACF":{"price":19.9,"description":"Diced lamb cooked with tempering of cumin, coriander seeds, diced onions, tomatoes and capsicum. "},"menuCategories":{"nodes":[{"slug":"lamb-and-beef-dishes","name":"LAMB AND BEEF DISHES"},{"slug":"main-course","name":"Main Course"}]}}},{"node":{"title":"LAMB BHUNA","id":"cG9zdDoxNDg1OQ==","menuACF":{"price":19.9,"description":"Diced lamb cooked with onion and tomatoes, lightly spiced with ginger turmeric and Indian spices. "},"menuCategories":{"nodes":[{"slug":"lamb-and-beef-dishes","name":"LAMB AND BEEF DISHES"},{"slug":"main-course","name":"Main Course"}]}}},{"node":{"title":"LAMB KORMA","id":"cG9zdDoxNDUwNQ==","menuACF":{"price":19.9,"description":"Boneless lamb cooked in cashew nut and creamy based sauce to create a rich and nutty flavour. "},"menuCategories":{"nodes":[{"slug":"lamb-and-beef-dishes","name":"LAMB AND BEEF DISHES"},{"slug":"main-course","name":"Main Course"}]}}},{"node":{"title":"LAMB MADRAS","id":"cG9zdDoxNDg2MQ==","menuACF":{"price":19.9,"description":"Tender lamb cooked in coconut base sauce with curry leaves and mustard seed. "},"menuCategories":{"nodes":[{"slug":"home-page","name":"Home Page"},{"slug":"lamb-and-beef-dishes","name":"LAMB AND BEEF DISHES"},{"slug":"main-course","name":"Main Course"}]}}},{"node":{"title":"LAMB SAAGWALA","id":"cG9zdDoxNDUwNw==","menuACF":{"price":19.9,"description":"Tender pieces of lamb cooked in a subtly flavoured spinach with exotic spices. "},"menuCategories":{"nodes":[{"slug":"lamb-and-beef-dishes","name":"LAMB AND BEEF DISHES"},{"slug":"main-course","name":"Main Course"}]}}},{"node":{"title":"BEEF MADRAS","id":"cG9zdDoxNDg2Mw==","menuACF":{"price":19.9,"description":"Tender beef cooked in coconut base sauce with curry leaves and mustard seed. "},"menuCategories":{"nodes":[{"slug":"lamb-and-beef-dishes","name":"LAMB AND BEEF DISHES"},{"slug":"main-course","name":"Main Course"}]}}},{"node":{"title":"BEEF VINDALOO","id":"cG9zdDoxNDg2NQ==","menuACF":{"price":19.9,"description":"Hot and spicy beef curry cooked in onion based sauce with traditional vindaloo paste. "},"menuCategories":{"nodes":[{"slug":"lamb-and-beef-dishes","name":"LAMB AND BEEF DISHES"},{"slug":"main-course","name":"Main Course"}]}}},{"node":{"title":"BEEF SAAGWALA","id":"cG9zdDoxNDUxMQ==","menuACF":{"price":19.9,"description":"Tender pieces of beef cooked in a subtly flavoured spinach with exotic spices. "},"menuCategories":{"nodes":[{"slug":"lamb-and-beef-dishes","name":"LAMB AND BEEF DISHES"},{"slug":"main-course","name":"Main Course"}]}}},{"node":{"title":"BEEF KORMA","id":"cG9zdDoxNDg2Nw==","menuACF":{"price":19.9,"description":"Boneless beef cooked in cashew nut and creamy based sauce to create a rich and nutty flavour. "},"menuCategories":{"nodes":[{"slug":"home-page","name":"Home Page"},{"slug":"lamb-and-beef-dishes","name":"LAMB AND BEEF DISHES"},{"slug":"main-course","name":"Main Course"}]}}},{"node":{"title":"BEEF CURRY","id":"cG9zdDoxNDUxMw==","menuACF":{"price":19.9,"description":"Tender beef pieces cooked in thin tomato and onion gravy."},"menuCategories":{"nodes":[{"slug":"lamb-and-beef-dishes","name":"LAMB AND BEEF DISHES"},{"slug":"main-course","name":"Main Course"}]}}}]}}}