{"data":{"allWpInformation":{"edges":[{"node":{"informationACF":{"logo":{"localFile":{"id":"73800b85-e850-562d-a880-e3eb35671880","childImageSharp":{"id":"2c03c269-24c1-5b97-8a51-217b026e3a61","gatsbyImageData":{"layout":"constrained","backgroundColor":"#f8f8f8","images":{"fallback":{"src":"/paihia-indian/static/986f4e38d63d52a2fb331eef6033600e/fba9c/Greens-Indian.png","srcSet":"/paihia-indian/static/986f4e38d63d52a2fb331eef6033600e/b33ba/Greens-Indian.png 204w,\n/paihia-indian/static/986f4e38d63d52a2fb331eef6033600e/e0df1/Greens-Indian.png 407w,\n/paihia-indian/static/986f4e38d63d52a2fb331eef6033600e/fba9c/Greens-Indian.png 814w","sizes":"(min-width: 814px) 814px, 100vw"},"sources":[{"srcSet":"/paihia-indian/static/986f4e38d63d52a2fb331eef6033600e/85327/Greens-Indian.webp 204w,\n/paihia-indian/static/986f4e38d63d52a2fb331eef6033600e/50310/Greens-Indian.webp 407w,\n/paihia-indian/static/986f4e38d63d52a2fb331eef6033600e/8d62e/Greens-Indian.webp 814w","type":"image/webp","sizes":"(min-width: 814px) 814px, 100vw"}]},"width":814,"height":288}}}}}}}]}}}