{"polyfill":["/polyfill-de382ff040ab7e9f5cfb.js"],"app":["/app-a23623edfae501af79b0.js"],"component---src-pages-404-js":["/component---src-pages-404-js-f6f7b9fffaefea700f0b.js"],"component---src-pages-about-js":["/component---src-pages-about-js-5b826b317592c47fc2f3.js"],"component---src-pages-contact-js":["/component---src-pages-contact-js-e3fef2201bab7732005d.js"],"component---src-pages-gallery-js":["/component---src-pages-gallery-js-36fe07dcf2ee650a6ccc.js"],"component---src-pages-index-js":["/component---src-pages-index-js-7bda390aa03d5f9b0bd9.js"],"component---src-pages-menu-js":["/component---src-pages-menu-js-62c237084a80f424a2b7.js"]}