{"namedChunkGroups":{"polyfill":{"name":"polyfill","assets":[{"name":"webpack-runtime-a94a227db4bc2a126d6d.js","size":5491},{"name":"commons-bea00d6e759145d9c0a8.js","size":9679},{"name":"polyfill-de382ff040ab7e9f5cfb.js","size":83926}],"filteredAssets":0,"assetsSize":99096,"filteredAuxiliaryAssets":3,"auxiliaryAssetsSize":273851},"app":{"name":"app","assets":[{"name":"webpack-runtime-a94a227db4bc2a126d6d.js","size":5491},{"name":"styles.be25eb6f8037007c3b05.css","size":148556},{"name":"framework-3ecf492023e41a737af3.js","size":129913},{"name":"app-a23623edfae501af79b0.js","size":71886}],"filteredAssets":0,"assetsSize":355846,"filteredAuxiliaryAssets":3,"auxiliaryAssetsSize":664723},"component---src-pages-404-js":{"name":"component---src-pages-404-js","assets":[{"name":"component---src-pages-404-js-f6f7b9fffaefea700f0b.js","size":800}],"filteredAssets":0,"assetsSize":800,"filteredAuxiliaryAssets":1,"auxiliaryAssetsSize":1879},"component---src-pages-about-js":{"name":"component---src-pages-about-js","assets":[{"name":"styles.be25eb6f8037007c3b05.css","size":148556},{"name":"c943faba-dc1948debe03d1ab05ea.js","size":1821},{"name":"af13d906-4218f4a7273935978fdf.js","size":621},{"name":"958b4c57-6310fb8604a0df2ebc3e.js","size":3647},{"name":"cb1608f2-1a578ca275f052a76702.js","size":622},{"name":"a9a7754c-d928eff983bdc987e921.js","size":1299},{"name":"dbf3ce33-2616b617b4d5ffcc2fff.js","size":301798},{"name":"commons-bea00d6e759145d9c0a8.js","size":9679},{"name":"21261a052b8db0c820e9509e2a1c47803bda8c3c-12aa98011e3c94eed686.js","size":118052},{"name":"component---src-pages-about-js-5b826b317592c47fc2f3.js","size":16024}],"filteredAssets":0,"assetsSize":602119,"filteredAuxiliaryAssets":10,"auxiliaryAssetsSize":7492825},"component---src-pages-contact-js":{"name":"component---src-pages-contact-js","assets":[{"name":"styles.be25eb6f8037007c3b05.css","size":148556},{"name":"c943faba-dc1948debe03d1ab05ea.js","size":1821},{"name":"af13d906-4218f4a7273935978fdf.js","size":621},{"name":"958b4c57-6310fb8604a0df2ebc3e.js","size":3647},{"name":"cb1608f2-1a578ca275f052a76702.js","size":622},{"name":"a9a7754c-d928eff983bdc987e921.js","size":1299},{"name":"dbf3ce33-2616b617b4d5ffcc2fff.js","size":301798},{"name":"commons-bea00d6e759145d9c0a8.js","size":9679},{"name":"21261a052b8db0c820e9509e2a1c47803bda8c3c-12aa98011e3c94eed686.js","size":118052},{"name":"component---src-pages-contact-js-e3fef2201bab7732005d.js","size":7754}],"filteredAssets":0,"assetsSize":593849,"filteredAuxiliaryAssets":9,"auxiliaryAssetsSize":7427789},"component---src-pages-gallery-js":{"name":"component---src-pages-gallery-js","assets":[{"name":"styles.be25eb6f8037007c3b05.css","size":148556},{"name":"c943faba-dc1948debe03d1ab05ea.js","size":1821},{"name":"af13d906-4218f4a7273935978fdf.js","size":621},{"name":"958b4c57-6310fb8604a0df2ebc3e.js","size":3647},{"name":"cb1608f2-1a578ca275f052a76702.js","size":622},{"name":"a9a7754c-d928eff983bdc987e921.js","size":1299},{"name":"dbf3ce33-2616b617b4d5ffcc2fff.js","size":301798},{"name":"commons-bea00d6e759145d9c0a8.js","size":9679},{"name":"21261a052b8db0c820e9509e2a1c47803bda8c3c-12aa98011e3c94eed686.js","size":118052},{"name":"component---src-pages-gallery-js-36fe07dcf2ee650a6ccc.js","size":2268}],"filteredAssets":0,"assetsSize":588363,"filteredAuxiliaryAssets":9,"auxiliaryAssetsSize":7414143},"component---src-pages-index-js":{"name":"component---src-pages-index-js","assets":[{"name":"styles.be25eb6f8037007c3b05.css","size":148556},{"name":"c943faba-dc1948debe03d1ab05ea.js","size":1821},{"name":"af13d906-4218f4a7273935978fdf.js","size":621},{"name":"958b4c57-6310fb8604a0df2ebc3e.js","size":3647},{"name":"cb1608f2-1a578ca275f052a76702.js","size":622},{"name":"a9a7754c-d928eff983bdc987e921.js","size":1299},{"name":"dbf3ce33-2616b617b4d5ffcc2fff.js","size":301798},{"name":"commons-bea00d6e759145d9c0a8.js","size":9679},{"name":"21261a052b8db0c820e9509e2a1c47803bda8c3c-12aa98011e3c94eed686.js","size":118052},{"name":"component---src-pages-index-js-7bda390aa03d5f9b0bd9.js","size":50628}],"filteredAssets":0,"assetsSize":636723,"filteredAuxiliaryAssets":9,"auxiliaryAssetsSize":7561546},"component---src-pages-menu-js":{"name":"component---src-pages-menu-js","assets":[{"name":"styles.be25eb6f8037007c3b05.css","size":148556},{"name":"c943faba-dc1948debe03d1ab05ea.js","size":1821},{"name":"af13d906-4218f4a7273935978fdf.js","size":621},{"name":"958b4c57-6310fb8604a0df2ebc3e.js","size":3647},{"name":"cb1608f2-1a578ca275f052a76702.js","size":622},{"name":"a9a7754c-d928eff983bdc987e921.js","size":1299},{"name":"dbf3ce33-2616b617b4d5ffcc2fff.js","size":301798},{"name":"commons-bea00d6e759145d9c0a8.js","size":9679},{"name":"21261a052b8db0c820e9509e2a1c47803bda8c3c-12aa98011e3c94eed686.js","size":118052},{"name":"component---src-pages-menu-js-62c237084a80f424a2b7.js","size":4232}],"filteredAssets":0,"assetsSize":590327,"filteredAuxiliaryAssets":9,"auxiliaryAssetsSize":7418365}},"assetsByChunkName":{"polyfill":["webpack-runtime-a94a227db4bc2a126d6d.js","commons-bea00d6e759145d9c0a8.js","polyfill-de382ff040ab7e9f5cfb.js"],"app":["webpack-runtime-a94a227db4bc2a126d6d.js","styles.be25eb6f8037007c3b05.css","framework-3ecf492023e41a737af3.js","app-a23623edfae501af79b0.js"],"component---src-pages-404-js":["component---src-pages-404-js-f6f7b9fffaefea700f0b.js"],"component---src-pages-about-js":["styles.be25eb6f8037007c3b05.css","c943faba-dc1948debe03d1ab05ea.js","af13d906-4218f4a7273935978fdf.js","958b4c57-6310fb8604a0df2ebc3e.js","cb1608f2-1a578ca275f052a76702.js","a9a7754c-d928eff983bdc987e921.js","dbf3ce33-2616b617b4d5ffcc2fff.js","commons-bea00d6e759145d9c0a8.js","21261a052b8db0c820e9509e2a1c47803bda8c3c-12aa98011e3c94eed686.js","component---src-pages-about-js-5b826b317592c47fc2f3.js"],"component---src-pages-contact-js":["styles.be25eb6f8037007c3b05.css","c943faba-dc1948debe03d1ab05ea.js","af13d906-4218f4a7273935978fdf.js","958b4c57-6310fb8604a0df2ebc3e.js","cb1608f2-1a578ca275f052a76702.js","a9a7754c-d928eff983bdc987e921.js","dbf3ce33-2616b617b4d5ffcc2fff.js","commons-bea00d6e759145d9c0a8.js","21261a052b8db0c820e9509e2a1c47803bda8c3c-12aa98011e3c94eed686.js","component---src-pages-contact-js-e3fef2201bab7732005d.js"],"component---src-pages-gallery-js":["styles.be25eb6f8037007c3b05.css","c943faba-dc1948debe03d1ab05ea.js","af13d906-4218f4a7273935978fdf.js","958b4c57-6310fb8604a0df2ebc3e.js","cb1608f2-1a578ca275f052a76702.js","a9a7754c-d928eff983bdc987e921.js","dbf3ce33-2616b617b4d5ffcc2fff.js","commons-bea00d6e759145d9c0a8.js","21261a052b8db0c820e9509e2a1c47803bda8c3c-12aa98011e3c94eed686.js","component---src-pages-gallery-js-36fe07dcf2ee650a6ccc.js"],"component---src-pages-index-js":["styles.be25eb6f8037007c3b05.css","c943faba-dc1948debe03d1ab05ea.js","af13d906-4218f4a7273935978fdf.js","958b4c57-6310fb8604a0df2ebc3e.js","cb1608f2-1a578ca275f052a76702.js","a9a7754c-d928eff983bdc987e921.js","dbf3ce33-2616b617b4d5ffcc2fff.js","commons-bea00d6e759145d9c0a8.js","21261a052b8db0c820e9509e2a1c47803bda8c3c-12aa98011e3c94eed686.js","component---src-pages-index-js-7bda390aa03d5f9b0bd9.js"],"component---src-pages-menu-js":["styles.be25eb6f8037007c3b05.css","c943faba-dc1948debe03d1ab05ea.js","af13d906-4218f4a7273935978fdf.js","958b4c57-6310fb8604a0df2ebc3e.js","cb1608f2-1a578ca275f052a76702.js","a9a7754c-d928eff983bdc987e921.js","dbf3ce33-2616b617b4d5ffcc2fff.js","commons-bea00d6e759145d9c0a8.js","21261a052b8db0c820e9509e2a1c47803bda8c3c-12aa98011e3c94eed686.js","component---src-pages-menu-js-62c237084a80f424a2b7.js"]},"childAssetsByChunkName":{}}